AIANNHCE,AIANNHNS,GEOID,NAME,NAMELSAD,ALAND,AWATER,tot_pop,Shape_Length,Shape_Area
10,1934337,0010R,Acoma,Acoma Pueblo,1065694864,331928,2784,3.6084554,0.105092493
9510,2418753,9510R,Adais Caddo,Adais Caddo SDTSA,378869477,4749622,2269,2.415304139,0.036480093
20,1934324,0020R,Agua Caliente,Agua Caliente Indian Reservation,126539885,749217,26028,3.000390342,0.012391139
6015,2418754,6015R,Akhiok,Akhiok ANVSA,19166808,5724762,57,0.300431163,0.003672677
6020,2418755,6020R,Akiachak,Akiachak ANVSA,39933532,2710725,567,0.524932499,0.007050881
6025,2418757,6025R,Akiak,Akiak ANVSA,2173229,15267,416,0.07542136,0.000361968
6030,2418758,6030R,Akutan,Akutan ANVSA,3737114,239023,755,0.122577251,0.000546559
50,1350923,0050R,Alabama-Coushatta,Alabama-Coushatta Reservation,18437650,83761,606,0.248028856,0.001744219
6035,2418759,6035R,Alakanuk,Alakanuk ANVSA,83395368,24862278,837,0.701341693,0.018967213
6040,2418760,6040R,Alatna,Alatna ANVSA,46583723,1139845,4,0.554279556,0.009638465
6045,2418763,6045R,Aleknagik,Aleknagik ANVSA,33326827,17639044,204,0.464365957,0.008025422
6065,2418765,6065R,Algaaciq,Algaaciq ANVSA,5565945,670705,527,0.16627297,0.001070225
6070,2418766,6070R,Allakaket,Allakaket ANVSA,22544588,1058889,170,0.46824091,0.004762996
80,978667,0080R,Allegany,Allegany Reservation,105881140,19755258,6127,1.223351327,0.013673903
95,218194,0095R,Alturas,Alturas Indian Rancheria,100606,0,0,0.013837466,1.08E-05
6075,2418768,6075R,Ambler,Ambler ANVSA,26621407,4063404,299,0.406767279,0.006330734
5003,2634609,5003T,Anahola (Agricultural),Anahola (Agricultural) Hawaiian Home Land,2076473,5227,200,0.148206714,0.000182244
5004,2634610,5004T,Anahola (Residential),Anahola (Residential) Hawaiian Home Land,14577614,73631,1670,0.317857231,0.001282548
6080,2418769,6080R,Anaktuvuk Pass,Anaktuvuk Pass ANVSA,13407366,139518,265,0.267297565,0.002923326
6095,2418771,6095R,Andreafsky,Andreafsky ANVSA,66905507,6000827,113,0.97078113,0.01251119
6100,2418772,6100R,Angoon,Angoon ANVSA,66031963,34900200,523,0.936388234,0.015097205
6105,2418773,6105R,Aniak,Aniak ANVSA,29951934,5929577,525,0.595639631,0.006059297
110,1934114,0110R,Annette Island,Annette Island Reserve,343944587,333894108,1635,1.347795706,0.095451958
6125,2418774,6125R,Anvik,Anvik ANVSA,24578643,6308736,104,0.331161243,0.00540507
9515,2418775,9515R,Apache Choctaw,Apache Choctaw SDTSA,221750898,2632989,6903,2.467213259,0.021330346
6140,2418776,6140R,Arctic Village,Arctic Village ANVSA,30562618,9436650,153,0.869175443,0.008610484
115,2562463,0115T,Aroostook Band of Micmac,Aroostook Band of Micmac Trust Land,4235781,0,250,0.253474721,0.000499707
6150,2418779,6150R,Atka,Atka ANVSA,20650665,168,35,0.374744714,0.002716173
6160,2418780,6160R,Atmautluak,Atmautluak ANVSA,1565431,1164413,209,0.193444565,0.000450826
6165,2418782,6165R,Atqasuk,Atqasuk ANVSA,101319315,9365008,164,0.790277564,0.026596824
120,218454,0120R,Auburn,Auburn Rancheria,279781,0,0,0.027184187,2.90E-05
125,238830,0125R,Augustine,Augustine Reservation,2271942,0,0,0.063688117,0.000220817
140,1577209,0140R,Bad River,Bad River Reservation,499244305,9998339,1595,1.258716754,0.059713106
155,255962,0155R,Barona,Barona Reservation,23797857,0,876,0.370294326,0.002294982
6175,2418784,6175R,Barrow,Barrow ANVSA,48614921,7013815,4408,0.706053862,0.013907804
165,838653,0165R,Battle Mountain,Battle Mountain Reservation,2727590,0,407,0.14473276,0.000290452
170,1622234,0170R,Bay Mills,Bay Mills Reservation,14165866,291386,1263,0.511271298,0.00169208
6190,2418786,6190R,Beaver,Beaver ANVSA,53142252,1362789,46,0.711230591,0.010929201
9525,2564992,9525R,Beaver Creek,Beaver Creek SDTSA,64936541,265588,1005,0.348296055,0.00632852
6195,2418788,6195R,Belkofski,Belkofski ANVSA,6911440,2007141,0,0.169855464,0.001254636
185,2419307,0185R,Benton Paiute,Benton Paiute Reservation,625276,0,109,0.032343872,6.40E-05
200,256849,0200R,Berry Creek,Berry Creek Rancheria,155925,0,259,0.016346462,1.64E-05
6205,2418790,6205R,Bethel,Bethel ANVSA,115273171,14508927,6424,0.671112028,0.02138524
215,256889,0215R,Big Bend,Big Bend Rancheria,182728,0,0,0.017829174,1.96E-05
225,1934321,0225R,Big Cypress,Big Cypress Reservation,213060639,262023,571,0.859946275,0.019279852
240,219211,0240R,Big Lagoon,Big Lagoon Rancheria,21072,0,4,0.007206907,2.26E-06
250,256983,0250R,Big Pine,Big Pine Reservation,1120996,0,422,0.055191311,0.000113715
265,1667416,0265R,Big Sandy,Big Sandy Rancheria,1064142,0,148,0.058558447,0.000107841
275,219277,0275R,Big Valley,Big Valley Rancheria,482651,0,195,0.032803243,5.02E-05
6225,2418793,6225R,Bill Moore's,Bill Moore's ANVSA,6325331,0,0,0.246776156,0.001117758
6235,2418794,6235R,Birch Creek,Birch Creek ANVSA,20900149,545229,2,0.417918615,0.004280453
290,264455,0290R,Bishop Paiute,Bishop Reservation,3503000,34784,1693,0.093419636,0.000359847
305,806895,0305R,Blackfeet Nation,Blackfeet Indian Reservation,6142817013,71204928,10772,4.389848172,0.758522256
325,2419316,0325R,Blue Lake,Blue Lake Rancheria,136714,0,72,0.019511972,1.46E-05
335,2105053,0335R,Bois Forte,Bois Forte Reservation,517127936,31548529,1383,1.595893047,0.066187688
6240,2418796,6240R,Brevig Mission,Brevig Mission ANVSA,6299191,206572,407,0.177064004,0.001252819
350,2419320,0350R,Bridgeport,Bridgeport Reservation,175286,0,62,0.017039615,1.80E-05
360,300151,0360R,Brighton,Brighton Reservation,147956903,58129,661,0.742465675,0.013467937
6250,2418797,6250R,Buckland,Buckland ANVSA,2205782,385080,608,0.099661098,0.000511279
400,1118340,0400R,Burns Paiute,Burns Paiute Indian Colony,3304477,0,96,0.112433366,0.00036837
415,1985192,0415R,Cabazon,Cabazon Reservation,7719150,0,725,0.232205721,0.000750385
5540,1925075,5540R,Caddo-Wichita-Delaware,Caddo-Wichita-Delaware OTSA,2658850899,29493649,15327,3.416253134,0.266470517
435,270144,0435R,Cahuilla,Cahuilla Reservation,74936002,0,82,0.479211143,0.007272548
440,848690,0440R,Campbell,Campbell Ranch,6708986,0,461,0.165099409,0.000698386
450,270242,0450R,Campo,Campo Indian Reservation,66733613,0,393,0.639191132,0.006415571
6255,2418800,6255R,Cantwell,Cantwell ANVSA,261826375,150364,183,1.490383655,0.046999866
6257,2575178,6257R,Canyon Village,Canyon Village ANVSA,79690839,8157677,0,1.426187675,0.018189573
495,240225,0495R,Capitan Grande,Capitan Grande Reservation,64429182,832,0,0.919858098,0.006210636
510,859157,0510R,Carson,Carson Colony,730858,0,275,0.034994616,7.61E-05
525,1233634,0525R,Catawba,Catawba Reservation,4082164,0,1247,0.142741041,0.000402665
540,978804,0540R,Cattaraugus,Cattaraugus Reservation,86904287,2226868,2208,0.616062483,0.009767331
8100,2418802,8100R,Cayuga Nation,Cayuga Nation TDSA,98026627,92235454,3081,2.916338123,0.020933556
555,220808,0555R,Cedarville,Cedarville Rancheria,94077,0,28,0.014659326,1.01E-05
560,2419333,0560T,Celilo,Celilo Village,460479,0,61,0.048909126,5.31E-05
6265,2418804,6265R,Chalkyitsik,Chalkyitsik ANVSA,22022281,667826,115,0.448791253,0.004598
6275,2418807,6275R,Chefornak,Chefornak ANVSA,13560879,1951696,501,0.231335106,0.002507075
575,1503930,0575R,Chehalis,Chehalis Reservation,17634122,631336,922,0.339517298,0.002153022
585,255956,0585R,Chemehuevi,Chemehuevi Reservation,124704705,0,352,1.454355769,0.012235403
6280,2418808,6280R,Chenega,Chenega ANVSA,75848955,716582,48,1.33418684,0.012343875
9550,2418812,9550R,Cher-O-Creek,Cher-O-Creek SDTSA,834648853,2872994,86566,1.631668835,0.079229933
5550,2418810,5550R,Cherokee,Cherokee OTSA,17337177294,697228062,517039,8.010687095,1.807715266
9560,2418811,9560R,Cherokee Tribe of Northeast Alabama,Cherokee Tribe of Northeast Alabama SDTSA,88056048,376168,14453,1.011029025,0.00865926
6285,2418813,6285R,Chevak,Chevak ANVSA,2961589,0,1144,0.107074692,0.000499509
605,1267254,0605R,Cheyenne River,Cheyenne River Reservation,11030954115,393802906,8556,5.683590524,1.305599515
5560,2418814,5560R,Cheyenne-Arapaho,Cheyenne-Arapaho OTSA,21022272116,153975154,187338,8.043302498,2.108531158
9580,2418815,9580R,Chickahominy,Chickahominy SDTSA,134292953,64589,3601,0.604920932,0.013672121
6290,2418816,6290R,Chickaloon,Chickaloon ANVSA,15428847038,157940404,27331,8.912279699,2.690826633
5580,2418818,5580R,Chickasaw,Chickasaw OTSA,18831209094,486748207,312615,9.540548263,1.895583399
620,2419337,0620R,Chicken Ranch,Chicken Ranch Rancheria,28868,0,0,0.011380952,2.96E-06
6295,2418820,6295R,Chignik,Chignik ANVSA,28352067,12704462,61,0.340399208,0.005956334
6300,2418821,6300R,Chignik Lagoon,Chignik Lagoon ANVSA,34319191,0,75,0.3868642,0.00497915
6305,2418823,6305R,Chignik Lake,Chignik Lake ANVSA,40605810,9482720,51,0.517850581,0.007257616
6310,2418825,6310R,Chilkat,Chilkat ANVSA,3948242,1361999,49,0.182109781,0.000839097
6315,2418826,6315R,Chilkoot,Chilkoot ANVSA,1223953,0,453,0.068138032,0.000192417
6325,2418829,6325R,Chistochina,Chistochina ANVSA,69332417,63188,85,0.891599052,0.012124985
635,2419340,0635R,Chitimacha,Chitimacha Reservation,1819459,0,601,0.115081477,0.000169906
6330,2418831,6330R,Chitina,Chitina ANVSA,308832263,476310,73,1.266613011,0.052144291
5590,2418833,5590R,Choctaw Nation,Choctaw OTSA,27461135388,734047115,231451,9.997536812,2.76891702
6335,2418834,6335R,Chuathbaluk,Chuathbaluk ANVSA,11576099,4543934,124,0.305620045,0.002722699
6340,2418835,6340R,Chuloonawick,Chuloonawick ANVSA,92519994,26596223,0,0.766898358,0.021053837
6350,2418836,6350R,Circle,Circle ANVSA,274634016,1398608,74,1.784239341,0.054085369
5600,1925074,5600R,Citizen Potawatomi Nation-Absentee Shawnee,Citizen Potawatomi Nation-Absentee Shawnee OTSA,2892284570,44399873,124874,3.50236348,0.290660595
6360,2418839,6360R,Clarks Point,Clarks Point ANVSA,8609626,2033385,48,0.186059348,0.001654389
9630,2418840,9630R,Clifton Choctaw,Clifton Choctaw SDTSA,126404451,268159,476,0.758777923,0.011999896
680,937176,0680R,Cochiti,Pueblo de Cochiti,207828421,4836770,1661,0.645577677,0.02115654
690,2418876,0690T,Coconut Creek,Coconut Creek Trust Land,24456,1388,0,0.006188775,2.34E-06
695,3089,0695R,Cocopah,Cocopah Reservation,25889883,77685,1203,0.574950004,0.002494752
705,395231,0705R,Coeur d'Alene,Coeur d'Alene Reservation,1356759395,32638324,7805,2.191755236,0.165255332
9635,2418841,9635R,Coharie,Coharie SDTSA,625149062,7950709,62167,4.020417691,0.062674363
720,276284,0720R,Cold Springs,Cold Springs Rancheria,416760,0,134,0.037497397,4.22E-05
735,22753,0735R,Colorado River Indian Reservation,Colorado River Indian Reservation,1184890271,17238466,9929,1.862978855,0.117217957
750,2418877,0750R,Colusa,Colusa Rancheria,1028551,0,27,0.055977767,0.000107332
760,1529464,0760R,Colville Reservation,Colville Reservation,5479870598,179044494,7228,4.885698164,0.685010883
770,2418879,0770R,"Coos, Lower Umpqua, and Siuslaw","Coos, Lower Umpqua, and Siuslaw Reservation",82966,2912,100,0.02228452,9.49E-06
6365,2418846,6365R,Copper Center,Copper Center ANVSA,39000396,26445,419,0.504257472,0.006681126
775,2418881,0775R,Coquille,Coquille Reservation,26108640,102615,453,1.006810086,0.002897498
780,221603,0780R,Cortina,Cortina Indian Rancheria,3077766,0,31,0.072177315,0.000320122
6380,2418849,6380R,Council,Council ANVSA,55014132,2345327,0,0.736121525,0.010864316
795,545438,0795R,Coushatta,Coushatta Reservation,2983359,0,113,0.204864377,0.000280408
815,2418898,0815R,Cow Creek,Cow Creek Reservation,14729901,0,182,0.735454921,0.001627737
820,2772245,0820R,Cowlitz,Cowlitz Reservation,670606,0,0,0.048820057,7.77E-05
825,1985199,0825R,Coyote Valley,Coyote Valley Reservation,347178,0,300,0.036393725,3.62E-05
6385,2418851,6385R,Craig,Craig ANVSA,36262117,7300139,1613,0.822670565,0.006186774
5620,1925077,5620R,Creek,Creek OTSA,11987156897,407104884,792241,5.931699529,1.233655454
5915,1925072,5915R,Creek/Seminole,Creek/Seminole joint-use OTSA,168887256,824713,2065,0.808923585,0.016815583
6390,2418852,6390R,Crooked Creek,Crooked Creek ANVSA,258527796,19606827,90,1.110884442,0.047387234
845,806896,0845R,Crow,Crow Reservation,9232401234,29590354,7184,5.7211192,1.063999443
855,1267067,0855R,Crow Creek,Crow Creek Reservation,1094324661,100590102,2164,2.596157174,0.134368842
6400,2418551,6400R,Deering,Deering ANVSA,12991931,189707,154,0.296691998,0.002611241
6405,2418554,6405R,Dillingham,Dillingham ANVSA,183720599,7184748,2315,1.00294276,0.029912122
6415,2418555,6415R,Dot Lake,Dot Lake ANVSA,11052892,0,38,0.241275283,0.00200232
6420,2418558,6420R,Douglas,Douglas ANVSA,198334637,102630,6134,1.128078877,0.030356076
940,862214,0940R,Dresslerville,Dresslerville Colony,3226855,0,452,0.141781771,0.000335049
955,222639,0955R,Dry Creek,Dry Creek Rancheria,326069,0,0,0.025715199,3.38E-05
965,858264,0965R,Duck Valley,Duck Valley Reservation,1166983076,5248490,1351,1.457082126,0.127377458
975,845441,0975R,Duckwater,Duckwater Reservation,16137153,57666,299,0.382410877,0.001682371
6430,2418560,6430R,Eagle,Eagle ANVSA,44053518,0,25,0.431422304,0.008296545
5008,2634611,5008T,East Kapolei,East Kapolei Hawaiian Home Land,857877,0,0,0.074337592,7.47E-05
990,1018039,0990R,Eastern Band of Cherokee Indians,Eastern Cherokee Reservation,211483430,47477,9191,3.138354424,0.021000666
9675,2418562,9675R,Eastern Chickahominy,Eastern Chickahominy SDTSA,5781366,0,251,0.12640426,0.000588596
5640,2418563,5640R,Eastern Shawnee,Eastern Shawnee OTSA,52696544,992842,874,0.4242446,0.005424542
9680,2418564,9680R,Echota Cherokee,Echota Cherokee SDTSA,1318517561,7819066,56691,4.02391835,0.130280449
6440,2418566,6440R,Eek,Eek ANVSA,1677567,242697,518,0.100583079,0.000310909
6445,2418567,6445R,Egegik,Egegik ANVSA,76536210,98729602,83,0.932255537,0.026770981
6450,2418569,6450R,Eklutna,Eklutna ANVSA,11685276,10414294,43,0.403921644,0.003720307
6455,2418570,6455R,Ekuk,Ekuk ANVSA,11150319,0,0,0.185146413,0.001731833
6460,2418571,6460R,Ekwok,Ekwok ANVSA,43368282,3268374,80,0.343157939,0.007357748
6470,2575181,6470R,Elim,Elim ANVSA,795682736,22721141,303,2.295124875,0.154144983
1010,1657318,1010R,Elk Valley,Elk Valley Rancheria,361182,0,78,0.027004495,3.91E-05
1005,856239,1005R,Elko,Elko Colony,781013,0,1194,0.064231095,8.34E-05
1040,859672,1040R,Ely,Ely Reservation,14660073,0,230,0.427271514,0.001529712
6480,2418573,6480R,Emmonak,Emmonak ANVSA,12861562,2443486,761,0.24493239,0.002689299
1055,259950,1055R,Enterprise,Enterprise Rancheria,168285,0,0,0.016954153,1.76E-05
6490,2418575,6490R,Evansville,Evansville ANVSA,15748975,68589,77,0.307419147,0.003238765
1065,241187,1065R,Ewiiaapaayp,Ewiiaapaayp Reservation,22139262,0,0,0.279988743,0.002132346
6495,2418578,6495R,Eyak,Eyak ANVSA,35611640,1798509,257,0.442658363,0.006114752
1070,850495,1070R,Fallon Paiute-Shoshone,Fallon Paiute-Shoshone Colony,228531,0,74,0.019653423,2.39E-05
1075,840414,1075R,Fallon Paiute-Shoshone,Fallon Paiute-Shoshone Reservation,33125605,0,745,0.280836036,0.003469809
6500,2418579,6500R,False Pass,False Pass ANVSA,31840703,0,78,0.565464378,0.004452151
1100,1934365,1100R,Flandreau,Flandreau Reservation,8973397,86662,509,0.311130778,0.001017881
1110,806894,1110R,Flathead,Flathead Reservation,5013467042,316267878,29717,4.82607247,0.636261022
1125,654521,1125R,Fond du Lac,Fond du Lac Reservation,398807704,12656681,3944,1.063472319,0.048450505
1135,2418936,1135R,Forest County Potawatomi,Forest County Potawatomi Community,49985745,175489,704,2.026194486,0.005773522
1140,4741,1140R,White Mountain Apache,Fort Apache Reservation,6799286350,15508272,15515,5.386086238,0.664471976
1150,767938,1150R,Fort Belknap,Fort Belknap Reservation,2511630528,9521412,3187,3.290465521,0.305042071
1160,1934325,1160R,Fort Berthold Indian Reservation,Fort Berthold Reservation,3416518162,682427848,7260,3.29588328,0.491578608
1170,260275,1170R,Fort Bidwell,Fort Bidwell Reservation,13858176,14695,119,0.232199783,0.001504272
1185,399059,1185R,Fort Hall Indian Reservation,Fort Hall Reservation,2107598952,106370523,5894,3.433327738,0.244267691
1195,260277,1195R,Fort Independence,Fort Independence Reservation,2261363,0,74,0.080936093,0.000228454
1210,859740,1210R,Fort McDermitt,Fort McDermitt Indian Reservation,140874984,0,336,2.426165167,0.015297996
1220,36978,1220R,Fort McDowell Yavapai Nation,Fort McDowell Yavapai Nation Reservation,99906300,934540,1104,0.434116018,0.009800056
1235,24003,1235R,Fort Mojave,Fort Mojave Reservation,133535379,2778031,1754,2.251523515,0.013450446
1250,805884,1250R,Fort Peck,Fort Peck Indian Reservation,8516690160,35225913,10319,7.546779581,1.037848085
1260,2418940,1260R,Fort Pierce,Fort Pierce Reservation,244942,0,87,0.02353598,2.24E-05
1270,2711352,1270R,Fort Sill Apache,Fort Sill Apache Indian Reservation,121466,0,0,0.014738113,1.16E-05
6515,2418585,6515R,Fort Yukon,Fort Yukon ANVSA,17466358,508298,533,0.358793977,0.003632744
1280,242378,1280R,Fort Yuma Indian Reservation,Fort Yuma Indian Reservation,178568517,3614100,1265,1.238995622,0.017535844
9720,2418587,9720R,Four Winds Cherokee,Four Winds Cherokee SDTSA,567292520,5167079,31380,2.249666722,0.054129147
6520,2418592,6520R,Gakona,Gakona ANVSA,94789641,29592,103,1.320359043,0.016454494
6525,2418594,6525R,Galena,Galena ANVSA,44468966,17753689,510,0.678221473,0.011715938
6530,2418595,6530R,Gambell,Gambell ANVSA,27208078,4353093,601,0.343433694,0.005735868
6535,2418598,6535R,Georgetown,Georgetown ANVSA,113448807,2902377,0,0.996900878,0.0198683
1310,23998,1310R,Gila River Indian Community,Gila River Indian Reservation,1511032571,937536,11150,2.592815771,0.146132788
9100,1930930,9100R,Golden Hill Paugussett,Golden Hill Paugussett (state) Reservation,399343,0,1,0.031903635,4.31E-05
6540,2418601,6540R,Golovin,Golovin ANVSA,10709113,0,128,0.251119013,0.00200353
6545,2418602,6545R,Goodnews Bay,Goodnews Bay ANVSA,8633994,0,192,0.189856572,0.001353447
1340,1455300,1340R,Goshute,Goshute Reservation,486449507,13114,140,1.491066824,0.051210763
1355,654523,1355R,Grand Portage,Grand Portage Reservation,192878801,3189582,722,1.508569123,0.023612136
1365,2418950,1365R,Grand Ronde,Grand Ronde Community,45921222,0,518,0.861263339,0.005253641
1370,2418951,1370R,Grand Traverse,Grand Traverse Reservation,74273,0,725,0.018410126,8.48E-06
6550,2418603,6550R,Grayling,Grayling ANVSA,29082578,16515,176,0.298451089,0.005134536
1380,1666180,1380R,Greenville,Greenville Rancheria,284692,0,28,0.027214891,3.01E-05
1395,266781,1395R,Grindstone,Grindstone Indian Rancheria,326144,22791,256,0.026658243,3.66E-05
1400,224709,1400R,Guidiville,Guidiville Rancheria,175438,0,58,0.028615646,1.83E-05
6560,2418604,6560R,Gulkana,Gulkana ANVSA,11234868,0,76,0.359248042,0.001940973
5009,2634612,5009T,Haiku,Haiku Hawaiian Home Land,584613,0,0,0.053195151,5.09E-05
9745,2418608,9745R,Haliwa-Saponi,Haliwa-Saponi SDTSA,458415677,1216803,8713,1.731633462,0.046089839
6570,2418609,6570R,Hamilton,Hamilton ANVSA,13105564,397340,0,0.257899523,0.002382516
5011,359057,5011T,Hanapepe,Hanapepe Hawaiian Home Land,1474122,0,11,0.061220839,0.000128847
1410,1616983,1410R,Hannahville,Hannahville Indian Community,14424818,0,656,0.679252279,0.001667305
9150,2418958,9150R,Hassanamisco,Hassanamisco (state) Reservation,20909,0,0,0.007765307,2.28E-06
1440,45638,1440R,Havasupai,Havasupai Reservation,714400022,0,15,2.077744817,0.071551965
6575,2418613,6575R,Healy Lake,Healy Lake ANVSA,122683829,21452187,4,1.065128234,0.026399652
1450,2418963,1450R,Ho-Chunk Nation,Ho-Chunk Nation Reservation,8887614,72893,1632,0.448208142,0.000998905
1460,1505548,1460R,Hoh,Hoh Indian Reservation,1769173,12010,106,0.072852021,0.000213604
1475,284183,1475R,Hollywood,Hollywood Reservation,2033906,14020,989,0.102567544,0.000184698
6585,2418617,6585R,Holy Cross,Holy Cross ANVSA,74677223,18724234,183,0.547156107,0.016092728
5018,2634613,5018T,Homuula-Upper Piihonua,Homuula-Upper Piihonua Hawaiian Home Land,250978086,13642,2,1.094501489,0.021632024
5026,359289,5026T,Honokaia,Honokaia Hawaiian Home Land,13019793,0,0,0.169158903,0.001124101
5029,1853346,5029T,Honokowai,Honokowai Hawaiian Home Land,3240911,5142,0,0.189137704,0.00028189
5030,1853354,5030T,Honolulu Makai,Honolulu Makai Hawaiian Home Land,94192,0,0,0.025536882,8.20E-06
5031,1853338,5031T,Honomu,Honomu Hawaiian Home Land,3091503,48050,0,0.132997251,0.000270761
5033,1853339,5033T,Hoolehua-Palaau,Hoolehua-Palaau Hawaiian Home Land,55963215,0,1191,0.552260045,0.004866902
6590,2418618,6590R,Hoonah,Hoonah ANVSA,15197401,3276590,800,0.30083258,0.002813762
1490,251972,1490R,Hoopa Valley Tribe,Hoopa Valley Reservation,364418757,2369202,3573,0.803558634,0.039314152
6595,2418619,6595R,Hooper Bay,Hooper Bay ANVSA,19418102,78618,1101,0.420501076,0.003287661
1505,24001,1505R,Hopi,Hopi Reservation,6557654678,2407606,9227,6.693155044,0.655003471
1515,225577,1515R,Hopland,Hopland Rancheria,8151731,3794,281,0.191820575,0.000847989
1530,2418969,1530R,Houlton Maliseet,Houlton Maliseet Reservation,3321526,22653,325,0.166819711,0.000389672
1545,45633,1545R,Hualapai,Hualapai Indian Reservation,4121300349,8118425,1590,3.993564772,0.411908312
6605,2418621,6605R,Hughes,Hughes ANVSA,10223694,2374667,90,0.282242774,0.002492472
1550,2109298,1550R,Huron Potawatomi,Huron Potawatomi Reservation,502198,18193,62,0.034199964,5.66E-05
6610,2418622,6610R,Huslia,Huslia ANVSA,42557560,1672801,404,0.454193113,0.008635762
6615,2418623,6615R,Hydaburg,Hydaburg ANVSA,755589,7081,330,0.057569264,0.000107603
6620,2418625,6620R,Igiugig,Igiugig ANVSA,54582330,2714517,62,0.702286893,0.009028888
6625,2418627,6625R,Iliamna,Iliamna ANVSA,96392427,1213528,63,0.744993806,0.015604626
1555,2418972,1555R,Immokalee,Immokalee Reservation,2471270,21068,447,0.072497895,0.000225464
1560,243797,1560R,Inaja and Cosmit,Inaja and Cosmit Reservation,3484656,0,0,0.101229512,0.000336254
6630,2418629,6630R,Inalik,Inalik ANVSA,6297821,0,94,0.150559872,0.00123208
1575,2418973,1575R,Indian Township,Indian Township Reservation,97216884,17867564,753,0.5095005,0.013194347
8300,2418631,8300R,Ione Band of Miwok,Ione Band of Miwok TDSA,5435996,0,6,0.115836677,0.000561058
5670,1925066,5670R,Iowa,Iowa OTSA,923594896,8418959,6590,1.605873722,0.092954329
1590,479831,1590R,Iowa (KS-NE),Iowa (KS-NE) Reservation,50884153,15537,173,0.465229189,0.005367825
1610,1616981,1610R,Isabella,Isabella Reservation,560500419,4425892,27617,1.358987387,0.063049095
1625,1934338,1625R,Pueblo of Isleta,Isleta Pueblo,855026224,2052388,3809,1.937654698,0.084515014
6650,2418632,6650R,Ivanof Bay,Ivanof Bay ANVSA,10860667,0,0,0.24056791,0.001560101
1640,226085,1640R,Jackson,Jackson Rancheria,1185630,0,0,0.074029875,0.000122248
1655,2418978,1655R,Jamestown S'Klallam,Jamestown S'Klallam Reservation,46220,18375,9,0.021630299,7.79E-06
1670,2418979,1670R,Jamul,Jamul Indian Village,59534,0,0,0.016123745,5.73E-06
1685,916031,1685R,Jemez Pueblo,Jemez Pueblo,361712282,13020,2049,1.55211331,0.036013534
1690,2453210,1690R,Jena Band of Choctaw,Jena Band of Choctaw Reservation,262652,0,0,0.040724682,2.49E-05
1700,1934339,1700R,Jicarilla Apache Nation,Jicarilla Apache Nation Reservation,3405649424,10114630,3195,4.417304041,0.343821575
5041,359755,5041T,Kahikinui,Kahikinui Hawaiian Home Land,96495595,0,0,0.460443486,0.008363336
1720,23994,1720R,Kaibab,Kaibab Indian Reservation,489295372,19920,253,1.108942085,0.049478666
5043,2634614,5043T,Kakaina-Kumuhau,Kakaina-Kumuhau Hawaiian Home Land,84090,0,165,0.022214797,7.32E-06
6670,2418635,6670R,Kake,Kake ANVSA,19872185,15107530,578,0.312084673,0.005164606
6680,2418636,6680R,Kaktovik,Kaktovik ANVSA,2005413,704200,178,0.157071938,0.000639806
5044,2634615,5044T,Kalaeloa,Kalaeloa Hawaiian Home Land,2318081,0,17,0.189812004,0.00020179
5046,1853005,5046T,Kalamaula,Kalamaula Hawaiian Home Land,20578985,0,421,0.26506612,0.001789192
5051,360095,5051T,Kalaupapa,Kalaupapa Hawaiian Home Land,5027873,0,75,0.138349735,0.000437306
5053,2634616,5053T,Kalawahine,Kalawahine Hawaiian Home Land,191538,0,384,0.026702286,1.67E-05
1735,1528426,1735R,Kalispel,Kalispel Reservation,18859651,310450,210,0.43523533,0.002326339
6685,2418638,6685R,Kalskag,Kalskag ANVSA,9207919,1151750,222,0.178802313,0.001747845
6690,2418639,6690R,Kaltag,Kaltag ANVSA,56045675,15321784,172,0.48359572,0.013235558
5056,1853340,5056T,Kamaoa-Puueo,Kamaoa-Puueo Hawaiian Home Land,45555656,0,11,0.394170516,0.003907801
5061,2634617,5061T,Kamiloloa-Makakupaia,Kamiloloa-Makakupaia Hawaiian Home Land,13149034,158134,77,0.194158348,0.001156747
5066,1853341,5066T,Kamoku-Kapulena,Kamoku-Kapulena Hawaiian Home Land,19349738,6270,36,0.253948784,0.001671337
5067,2634618,5067T,Kanehili,Kanehili Hawaiian Home Land,279722,0,1659,0.029104454,2.44E-05
5069,362767,5069T,Kaohe-Olaa,Kaohe-Olaa Hawaiian Home Land,2753056,0,0,0.125018043,0.000236899
5071,360456,5071T,Kapaa,Kapaa Hawaiian Home Land,70824,0,0,0.015425689,6.20E-06
5076,360469,5076T,Kapaakea,Kapaakea Hawaiian Home Land,7918049,0,184,0.152839604,0.00068833
5083,2414178,5083T,Kapolei,Kapolei Hawaiian Home Land,363048,0,0,0.042152691,3.16E-05
6700,2418641,6700R,Karluk,Karluk ANVSA,63843525,2133122,44,0.702144484,0.009901408
1750,2418982,1750R,Karuk,Karuk Reservation,67101,0,513,0.018578343,7.25E-06
6705,2418643,6705R,Kasaan,Kasaan ANVSA,15703414,1904849,75,0.278412757,0.002506209
6710,2418644,6710R,Kasigluk,Kasigluk ANVSA,30582208,2752345,574,0.374791311,0.005507954
5086,360700,5086T,Kaumana,Kaumana Hawaiian Home Land,72612,0,134,0.030151125,6.26E-06
5088,2634619,5088T,Kaupea,Kaupea Hawaiian Home Land,216739,0,1482,0.022238675,1.89E-05
5690,1925070,5690R,Kaw,Kaw OTSA,1233420084,53310105,5834,1.794081325,0.130065032
5950,2418647,5950R,Kaw/Ponca,Kaw/Ponca joint-use OTSA,281605234,4415108,26375,0.948813686,0.028859337
5091,1853020,5091T,Kawaihae,Kawaihae Hawaiian Home Land,41407083,0,587,0.330191643,0.003575854
5098,2634620,5098T,Keahuolu,Keahuolu Hawaiian Home Land,613892,0,0,0.029683344,5.29E-05
5101,1853342,5101T,Kealakehe,Kealakehe Hawaiian Home Land,2884021,0,1043,0.181765541,0.000248441
5104,360975,5104T,Keanae-Wailua,Keanae-Wailua Hawaiian Home Land,995339,0,13,0.148322218,8.64E-05
5106,1853343,5106T,Keaukaha,Keaukaha Hawaiian Home Land,6833041,0,1693,0.210474005,0.000588827
5111,1853344,5111T,Kekaha,Kekaha Hawaiian Home Land,205241,0,555,0.039834653,1.79E-05
6720,2418648,6720R,Kenaitze,Kenaitze ANVSA,5073987324,251913693,35097,6.966193954,0.870348008
5114,2634621,5114T,Keokea (Agricultural),Keokea (Agricultural) Hawaiian Home Land,9981356,0,165,0.14729709,0.000865512
5116,361139,5116T,Keoniki,Keoniki Hawaiian Home Land,934537,0,0,0.048182125,8.07E-05
6725,2575182,6725R,Ketchikan,Ketchikan ANVSA,55874218,234220,13208,1.191204379,0.007951844
5120,2634622,5120T,Kewalo,Kewalo Hawaiian Home Land,51428,0,394,0.010534921,4.48E-06
6730,2418650,6730R,Kiana,Kiana ANVSA,2805016,0,299,0.11799457,0.000576109
5700,2418651,5700R,Kickapoo,Kickapoo OTSA,646244797,6618225,20991,1.400504119,0.064885105
1770,479833,1770R,Kickapoo (KS),Kickapoo (KS) Reservation,611934197,1457962,3983,1.060455693,0.064397175
4910,2418987,4910R,Kickapoo (KS) Reservation/Sac and Fox Nation Trust Land,Kickapoo (KS) Reservation/Sac and Fox Nation Trust Land joint-use area,1060454,0,0,0.044158863,0.000111364
1775,2418986,1775R,Kickapoo (TX),Kickapoo (TX) Reservation,498226,1492,430,0.031593533,4.61E-05
6735,2418652,6735R,King Cove,King Cove ANVSA,31236838,6917922,1074,0.332513451,0.005363891
6740,2575183,6740R,King Salmon,King Salmon ANVSA,26032495,302763,179,0.48629871,0.004080134
5720,2418654,5720R,Kiowa-Comanche-Apache-Fort Sill Apache,Kiowa-Comanche-Apache-Fort Sill Apache OTSA,16454047113,197054232,192325,6.993131231,1.637356495
5955,2418655,5955R,Kiowa-Comanche-Apache-Ft Sill Apache/Caddo-Wichita-Delaware,Kiowa-Comanche-Apache-Ft Sill Apache/Caddo-Wichita-Delaware joint-use OTSA,499465092,1557225,11840,2.304758675,0.049504995
6750,2418656,6750R,Kipnuk,Kipnuk ANVSA,52483706,798572,613,1.208869409,0.008554585
6755,2418658,6755R,Kivalina,Kivalina ANVSA,4225379,6551940,688,0.262964243,0.002284141
1785,2418990,1785R,Klamath,Klamath Reservation,1287196,0,38,0.163978238,0.000140997
6765,2418659,6765R,Klawock,Klawock ANVSA,1609236,886869,675,0.112933424,0.000355248
6785,2418661,6785R,Knik,Knik ANVSA,18093686314,983100106,76056,13.33806663,3.267127217
6790,2418664,6790R,Kobuk,Kobuk ANVSA,40163363,1327064,143,0.410009247,0.008505043
6795,2575184,6795R,Kodiak,Kodiak ANVSA,126122332,972778,0,0.931564135,0.019219924
6800,2418666,6800R,Kokhanok,Kokhanok ANVSA,54328656,292193,150,0.607382502,0.008635015
5123,360067,5123T,Kolaoa,Kolaoa Hawaiian Home Land,1944850,0,0,0.105241907,0.000167593
6810,2418669,6810R,Kongiganak,Kongiganak ANVSA,4936724,279428,441,0.18730729,0.000837984
1800,394860,1800R,Kootenai,Kootenai Reservation,90698,0,67,0.019394108,1.11E-05
6815,2418671,6815R,Kotlik,Kotlik ANVSA,7754326,1310529,811,0.202138141,0.001606628
6820,2418672,6820R,Kotzebue,Kotzebue ANVSA,64121147,4521848,3288,0.763758794,0.014040558
6825,2418673,6825R,Koyuk,Koyuk ANVSA,13213442,0,271,0.263653746,0.002506651
6830,2418674,6830R,Koyukuk,Koyukuk ANVSA,14859766,290257,62,0.258767983,0.002869727
6835,2418675,6835R,Kwethluk,Kwethluk ANVSA,26211679,4403991,653,0.319552684,0.005046013
6840,2418676,6840R,Kwigillingok,Kwigillingok ANVSA,61624055,90404,379,0.984986173,0.009890446
6845,2418678,6845R,Kwinhagak,Kwinhagak ANVSA,10619793,1517831,796,0.203639489,0.001937944
1850,271928,1850R,La Jolla,La Jolla Reservation,34958063,0,538,0.445192954,0.003383294
1895,255947,1895R,La Posta,La Posta Indian Reservation,16560558,0,31,0.219091973,0.001593148
1815,1577192,1815R,Lac Courte Oreilles,Lac Courte Oreilles Reservation,277749875,41304343,2721,2.15629903,0.036978102
1825,1580845,1825R,Lac du Flambeau,Lac du Flambeau Reservation,277303838,73007138,3413,0.90572289,0.040674859
1830,2418993,1830R,Lac Vieux Desert,Lac Vieux Desert Reservation,1084321,0,226,0.091546364,0.00012647
1840,1934340,1840R,Laguna,Laguna Pueblo,1988960771,2068014,3924,7.613971732,0.196675495
6850,2575185,6850R,Lake Minchumina,Lake Minchumina ANVSA,9994937,1038607,14,0.268898454,0.002014972
1860,1934336,1860R,Lake Traverse,Lake Traverse Reservation,3753388680,153518957,11052,3.292803005,0.450917066
5133,2414179,5133T,Lalamilo,Lalamilo Hawaiian Home Land,1004345,0,63,0.065869324,8.67E-05
5134,2634623,5134T,Lanai City,Lanai City Hawaiian Home Land,190176,0,90,0.018500219,1.65E-05
1880,1616978,1880R,L'Anse,L'Anse Reservation,237865016,46825041,3564,0.952092705,0.033535069
6855,2418682,6855R,Larsen Bay,Larsen Bay ANVSA,10444884,5890617,52,0.253401702,0.002449309
1915,853945,1915R,Las Vegas,Las Vegas Indian Colony,15849278,0,126,0.180257998,0.00159118
1925,226975,1925R,Laytonville,Laytonville Rancheria,788337,0,251,0.043556344,8.28E-05
1940,659096,1940R,Leech Lake Reservation,Leech Lake Reservation,2521018118,872807826,11229,5.685674752,0.404054161
5135,2634624,5135T,Leialii,Leialii Hawaiian Home Land,296200,0,568,0.034360036,2.57E-05
9800,2575194,9800R,Lenape Indian Tribe of Delaware,Lenape Indian Tribe of Delaware SDTSA,5771929,0,667,0.276818115,0.000601921
6860,2575186,6860R,Lesnoi,Lesnoi ANVSA,6250339,313897,0,0.150800274,0.000990629
6865,2418684,6865R,Levelock,Levelock ANVSA,43319610,0,76,0.501892171,0.006779428
1955,276402,1955R,Likely,Likely Rancheria,6237,0,0,0.00333839,6.70E-07
6875,2418686,6875R,Lime Village,Lime Village ANVSA,198192668,5673660,8,1.3786645,0.034163202
1960,2418998,1960R,Little River,Little River Reservation,702364,7307,107,0.038627453,8.00E-05
1963,2419000,1963R,Little Traverse Bay,Little Traverse Bay Reservation,2236756,928,73,0.209209023,0.000257425
1970,275865,1970R,Lone Pine,Lone Pine Reservation,952613,0,157,0.05008642,9.59E-05
1980,227643,1980R,Lookout,Lookout Rancheria,163356,0,17,0.01692296,1.75E-05
1995,272219,1995R,Los Coyotes,Los Coyotes Reservation,101560614,0,105,0.551149983,0.009831701
2015,850417,2015R,Lovelock,Lovelock Indian Colony,83593,0,53,0.013260665,8.84E-06
2030,1267015,2030R,Lower Brule,Lower Brule Reservation,874857751,119530275,1631,2.494844692,0.111744278
2040,1528424,2040R,Lower Elwha,Lower Elwha Reservation,3279123,203882,603,0.245426004,0.000421009
6890,2418690,6890R,Lower Kalskag,Lower Kalskag ANVSA,3222589,1310464,283,0.134058627,0.000764233
2055,647264,2055R,Lower Sioux,Lower Sioux Indian Community,6962140,124999,551,0.211772492,0.000802351
5136,361918,5136T,Lualualei,Lualualei Hawaiian Home Land,1830493,117026,34,0.163501771,0.000169684
9815,2418691,9815R,Lumbee,Lumbee SDTSA,4701539584,22068621,503825,4.681459826,0.465237682
2070,1511578,2070R,Lummi,Lummi Reservation,54064330,43298416,5583,0.483799758,0.011910017
2075,227877,2075R,Lytton,Lytton Rancheria,21937,0,0,0.006597946,2.25E-06
9820,2418693,9820R,MaChis Lower Creek,MaChis Lower Creek SDTSA,1730687218,6643797,22625,3.791404749,0.164655713
5138,2634625,5138T,Maili,Maili Hawaiian Home Land,362369,0,514,0.022559336,3.16E-05
2085,1511577,2085R,Makah,Makah Indian Reservation,121171546,599608,1632,1.236163919,0.014766801
5139,2634626,5139T,Makaha Valley,Makaha Valley Hawaiian Home Land,955026,0,0,0.069248681,8.32E-05
5146,362126,5146T,Makuu,Makuu Hawaiian Home Land,8898121,0,57,0.213969496,0.000765926
5148,2634627,5148T,Maluohai,Maluohai Hawaiian Home Land,153042,0,1238,0.019067214,1.33E-05
2100,1985200,2100R,Manchester-Point Arena,Manchester-Point Arena Rancheria,1524368,0,365,0.080996859,0.000158376
6900,2418694,6900R,Manley Hot Springs,Manley Hot Springs ANVSA,38991600,0,80,0.488420856,0.0074148
6905,2418696,6905R,Manokotak,Manokotak ANVSA,90915954,2322048,804,0.509996123,0.0145648
2115,245463,2115R,Manzanita,Manzanita Reservation,18572897,0,61,0.23733866,0.001787135
2130,23997,2130R,Maricopa (Ak Chin),Maricopa (Ak Chin) Indian Reservation,84992721,0,1348,0.631176916,0.00820119
6910,2418697,6910R,Marshall,Marshall ANVSA,10517008,8501,299,0.194589486,0.001795156
6915,2418698,6915R,Mary's Igloo,Mary's Igloo ANVSA,1152435,125005,0,0.072649777,0.000244256
2145,212541,2145R,Mashantucket Pequot,Mashantucket Pequot Reservation,5454689,0,216,0.325765119,0.000587906
2147,2786720,2147T,Mashpee Wampanoag,Mashpee Wampanoag Trust Land,1276676,16972,0,0.156658671,0.000140005
2150,2547776,2150R,Match-e-be-nash-she-wish Band of Pottawatomi,Match-e-be-nash-she-wish Band of Pottawatomi Reservation,632867,0,39,0.03343171,6.95E-05
9230,1470191,9230R,Mattaponi,Mattaponi (state) Reservation,279160,31696,48,0.023633645,3.17E-05
6895,2418700,6895R,McGrath,McGrath ANVSA,109641715,14527333,283,0.679844238,0.021940141
8450,2418703,8450R,Mechoopda,Mechoopda TDSA,3395725,0,3344,0.085117087,0.000356704
9825,2418704,9825R,Meherrin,Meherrin SDTSA,84378520,1255589,7630,0.556442296,0.008595881
6935,2418705,6935R,Mekoryuk,Mekoryuk ANVSA,18302850,33631,226,0.491171347,0.002982732
2175,1831784,2175R,Menominee,Menominee Reservation,915522061,19016881,3390,4.217660222,0.106663103
6945,2418707,6945R,Mentasta Lake,Mentasta Lake ANVSA,97448591,4825148,184,0.767850985,0.018055274
2190,2419013,2190R,Mesa Grande,Mesa Grande Reservation,7058522,0,78,0.237723125,0.000681823
2205,924240,2205R,Mescalero Apache Reservation,Mescalero Reservation,1862762809,1469791,3730,2.046355849,0.180228164
5730,2418711,5730R,Miami,Miami OTSA,71767198,921910,226,0.410132306,0.007355478
5970,2418712,5970R,Miami/Peoria,Miami/Peoria joint-use OTSA,32217420,439979,4279,0.28341631,0.003301889
2240,307483,2240R,Miccosukee,Miccosukee Reservation,331773283,372498,6,1.013475251,0.029976374
2255,228627,2255R,Middletown,Middletown Rancheria,489059,0,0,0.031474014,5.07E-05
2270,2419017,2270R,Mille Lacs,Mille Lacs Reservation,249849628,162768673,4425,1.449685336,0.048039851
2285,2419018,2285T,Minnesota Chippewa,Minnesota Chippewa Trust Land,1162890,0,0,0.126638527,0.000138065
6965,2418713,6965R,Minto,Minto ANVSA,7833798,0,229,0.224723283,0.0014979
2300,685014,2300R,Mississippi Band of Choctaw Indians,Mississippi Choctaw Reservation,121624772,254181,7867,3.90310947,0.011726117
2315,845336,2315R,Moapa River,Moapa River Indian Reservation,287401206,0,294,1.013938819,0.028934177
5740,2418715,5740R,Modoc,Modoc OTSA,16173615,0,253,0.162278428,0.001634373
2320,2419022,2320R,Mohegan,Mohegan Reservation,1767260,0,283,0.130267241,0.000190532
5156,362464,5156T,Moloaa,Moloaa Hawaiian Home Land,1398328,0,0,0.075805704,0.000122444
2330,263771,2330R,Montgomery Creek,Montgomery Creek Rancheria,311113,0,4,0.025114438,3.32E-05
2340,2419023,2340R,Mooretown,Mooretown Rancheria,132045,0,160,0.026268646,1.38E-05
2360,255940,2360R,Morongo,Morongo Reservation,138657662,0,777,1.650146189,0.013523458
6975,2418719,6975R,Mountain Village,Mountain Village ANVSA,280033261,82346109,828,2.264969333,0.062258786
9240,2419024,9240R,MOWA Choctaw,MOWA Choctaw (state) Reservation,2694225,0,81,0.117269905,0.000254937
2375,1533394,2375R,Muckleshoot Tribe,Muckleshoot Reservation,14996237,601214,4049,0.363651079,0.001853724
6990,2418721,6990R,Naknek,Naknek ANVSA,211186474,1716639,464,1.02133934,0.033048551
2400,918263,2400R,Nambe,Nambe Pueblo,82982141,192797,1613,0.447069564,0.008300969
5161,362574,5161T,Nanakuli,Nanakuli Hawaiian Home Land,9342729,6042,5141,0.221006932,0.000814239
9830,2418723,9830R,Nanticoke Indian Tribe,Nanticoke Indian Tribe SDTSA,71722459,223649,8546,0.54768271,0.007445559
9835,2418724,9835R,Nanticoke Lenni Lenape,Nanticoke Lenni Lenape SDTSA,49505619,643610,5932,0.554315814,0.005244471
6995,2418725,6995R,Nanwalek,Nanwalek ANVSA,21716632,35731,212,0.408983438,0.003430218
7005,2418727,7005R,Napaimute,Napaimute ANVSA,65245335,8317630,0,0.577619757,0.012417821
7010,2418728,7010R,Napakiak,Napakiak ANVSA,5209389,244909,369,0.146794163,0.000896033
7020,2418729,7020R,Napaskiak,Napaskiak ANVSA,7516404,701550,356,0.169075698,0.001350548
2415,2030138,2415R,Narragansett,Narragansett Reservation,8325237,5485,0,0.449294205,0.000897113
2430,41148,2430R,Navajo Nation,Navajo Nation Reservation,57604513257,59775511,172875,54.44532644,5.779772125
7025,2418732,7025R,Nelson Lagoon,Nelson Lagoon ANVSA,11780943,230843,74,0.579259858,0.00172842
7030,2418734,7030R,Nenana,Nenana ANVSA,15101273,148376,383,0.328498566,0.002850475
7040,2418736,7040R,New Koliganek,New Koliganek ANVSA,43323387,877663,161,0.656040208,0.007045789
7050,2418737,7050R,New Stuyahok,New Stuyahok ANVSA,87451715,5672569,557,0.513643036,0.014747008
7035,2418738,7035R,Newhalen,Newhalen ANVSA,15624671,6386436,121,0.301074472,0.003511841
7055,2418739,7055R,Newtok,Newtok ANVSA,21570625,288060,360,0.432758574,0.00360663
2445,399588,2445R,Nez Perce Reservation,Nez Perce Reservation,3091837192,27162612,18770,2.659830986,0.364252398
5166,362640,5166T,Nienie,Nienie Hawaiian Home Land,28726576,0,0,0.273273476,0.002479824
7065,2418741,7065R,Nightmute,Nightmute ANVSA,13548582,36178,189,0.311350594,0.00221725
7070,2418744,7070R,Nikolai,Nikolai ANVSA,11367588,806494,114,0.194912537,0.002156197
7075,2418745,7075R,Nikolski,Nikolski ANVSA,50874843,1898730,26,0.826396708,0.007047232
7080,2418747,7080R,Ninilchik,Ninilchik ANVSA,2327565914,1373326400,15103,4.090262583,0.595041436
2460,1528422,2460R,Nisqually,Nisqually Reservation,20459261,808442,666,0.221758805,0.002516273
7085,2418749,7085R,Noatak,Noatak ANVSA,41524644,2125695,422,1.144067224,0.009197731
7095,2575187,7095R,Nome,Nome ANVSA,324024802,22471039,4014,2.348340079,0.064703387
7100,2419145,7100R,Nondalton,Nondalton ANVSA,17451147,704233,114,0.295851139,0.00291751
2475,2419035,2475R,Nooksack,Nooksack Reservation,29191,0,1139,0.014050984,3.57E-06
7110,2419146,7110R,Noorvik,Noorvik ANVSA,2171090,1107191,597,0.117778871,0.000669228
2495,2419036,2495R,North Fork,North Fork Rancheria,267979,0,138,0.03417438,2.72E-05
2490,1637567,2490R,Northern Cheyenne,Northern Cheyenne Indian Reservation,1805463910,300819,4931,2.809904948,0.208009613
7115,2419147,7115R,Northway,Northway ANVSA,93061350,8636461,262,1.677953754,0.017981216
2505,1455571,2505R,Northwestern Shoshone,Northwestern Shoshone Reservation,787666,0,0,0.056238081,8.55E-05
7125,2419151,7125R,Nuiqsut,Nuiqsut ANVSA,23020445,0,469,0.338900076,0.005460092
7130,2419152,7130R,Nulato,Nulato ANVSA,106425939,6977301,257,0.845879755,0.021326965
7133,2419153,7133R,Nunam Iqua,Nunam Iqua ANVSA,29964346,16909273,167,0.389067305,0.008162924
7135,2419154,7135R,Nunapitchuk,Nunapitchuk ANVSA,18105042,2501655,869,0.233419506,0.003404796
9838,2564991,9838R,Occaneechi-Saponi,Occaneechi-Saponi SDTSA,241831327,4319078,9522,0.870214518,0.02465792
2510,1934344,2510R,Ohkay Owingeh,Ohkay Owingeh,68397951,787290,6541,0.334579514,0.006920027
7145,2419155,7145R,Ohogamiut,Ohogamiut ANVSA,23208194,66140,0,0.389053499,0.00393339
2535,959239,2535R,Oil Springs,Oil Springs Reservation,2487842,28100,2,0.067251144,0.000274385
7150,2419156,7150R,Old Harbor,Old Harbor ANVSA,41927386,16571186,249,0.48950106,0.00869291
2550,834985,2550R,Omaha,Omaha Reservation,795209806,7669505,4831,1.636816396,0.08737069
2560,1577191,2560R,Oneida Nation of Wisconsin,Oneida (WI) Reservation,264538863,332210,24800,0.917177541,0.029964643
2555,2419043,2555R,Oneida Nation,Oneida Nation Reservation,212697,0,0,0.021203971,2.35E-05
2570,979312,2570R,Onondaga Nation,Onondaga Nation Reservation,23950722,119791,134,0.234345137,0.002654684
2580,1934329,2580R,Ontonagon,Ontonagon Reservation,9679643,0,0,0.145964223,0.001144264
2595,1100113,2595R,Osage Nation,Osage Reservation,5818679077,148729736,47311,4.240714262,0.601227318
7175,2419157,7175R,Oscarville,Oscarville ANVSA,6744267,455216,64,0.257873397,0.001184079
5760,1925068,5760R,Otoe-Missouria Tribe,Otoe-Missouria OTSA,498304061,25410660,969,0.986905206,0.052621989
5770,2419159,5770R,Ottawa,Ottawa OTSA,60617997,1494725,5965,0.473253074,0.006276011
7180,2419160,7180R,Ouzinkie,Ouzinkie ANVSA,33576583,3971670,180,0.563208709,0.005687965
7185,2419161,7185R,Paimiut,Paimiut ANVSA,65575906,0,0,1.023988905,0.011129669
2625,1436088,2625R,Paiute (UT),Paiute (UT) Reservation,131123545,29024,378,0.957619112,0.013333269
2635,272502,2635R,Pala,Pala Reservation,56177783,0,1288,0.821029059,0.005442197
9260,1472036,9260R,Pamunkey,Pamunkey (state) Reservation,4421855,1958558,87,0.110040677,0.000650749
5176,1853349,5176T,Panaewa (Agricultural),Panaewa (Agricultural) Hawaiian Home Land,6864225,19097,649,0.139290664,0.000592995
5177,1853352,5177T,Panaewa (Residential),Panaewa (Residential) Hawaiian Home Land,494132,0,1327,0.027981512,4.26E-05
5179,2634628,5179T,Papakolea,Papakolea Hawaiian Home Land,499996,0,1505,0.053365956,4.35E-05
2680,2419049,2680R,Pascua Yaqui,Pascua Pueblo Yaqui Reservation,3621547,0,4111,0.120857151,0.000346046
2685,2419050,2685R,Paskenta,Paskenta Rancheria,8662058,9053,0,0.147529196,0.000912782
2695,2419052,2695T,Passamaquoddy,Passamaquoddy Trust Land,373266178,15429335,0,3.769143095,0.044705823
5181,363180,5181T,Pauahi,Pauahi Hawaiian Home Land,2237110,0,0,0.102664235,0.000193163
9280,209709,9280R,Paucatuck Eastern Pequot,Paucatuck Eastern Pequot (state) Reservation,924356,59004,36,0.047431748,0.000105953
5186,1853350,5186T,Paukukalo,Paukukalo Hawaiian Home Land,252395,0,845,0.0229786,2.19E-05
2715,272896,2715R,Pauma and Yuima,Pauma and Yuima Reservation,24252286,0,242,0.26170644,0.002349503
5780,1925076,5780R,Pawnee,Pawnee OTSA,1333909540,56392810,16197,2.152170311,0.139504377
5188,2634629,5188T,Pearl City,Pearl City Hawaiian Home Land,94785,0,63,0.028633039,8.26E-06
2745,272911,2745R,Pechanga,Pechanga Reservation,18159528,6136,343,0.25575345,0.0017615
7205,2419163,7205R,Pedro Bay,Pedro Bay ANVSA,44190373,5815884,20,0.644757007,0.00799151
9844,2564993,9844R,Pee Dee,Pee Dee SDTSA,132007505,1831757,3210,0.518018803,0.013169762
2760,582669,2760R,Penobscot Nation,Penobscot Reservation,19622631,38211557,756,2.86970115,0.006626603
5795,2419165,5795R,Peoria,Peoria OTSA,101791845,364779,5053,0.59855262,0.010328152
7215,2419166,7215R,Perryville,Perryville ANVSA,28926603,17584,86,0.379495816,0.004159191
7220,2575188,7220R,Petersburg,Petersburg ANVSA,6411383,261208,2448,0.169260848,0.000980961
2775,1670201,2775R,Picayune,Picayune Rancheria,280520,0,111,0.02385494,2.85E-05
2785,1934341,2785R,Picuris,Picuris Pueblo,70893925,7083,2216,0.339629131,0.007104724
5193,2634630,5193T,Piihonua,Piihonua Hawaiian Home Land,21251,0,92,0.007064355,1.83E-06
7225,2419169,7225R,Pilot Point,Pilot Point ANVSA,21997040,21429,83,0.505660497,0.003303874
7230,2419170,7230R,Pilot Station,Pilot Station ANVSA,4159455,711574,576,0.144677515,0.000832717
2810,1263144,2810R,Pine Ridge Indian Reservation,Pine Ridge Reservation,11247588717,27448125,19895,5.941680725,1.251796363
2820,230747,2820R,Pinoleville,Pinoleville Rancheria,421979,0,223,0.039760038,4.40E-05
2835,2419056,2835T,Pit River,Pit River Trust Land,1086963,522,0,0.058664923,0.00011615
7235,2419171,7235R,Pitkas Point,Pitkas Point ANVSA,4160639,0,122,0.14840109,0.000713359
7245,2419173,7245R,Platinum,Platinum ANVSA,67245638,4100504,13,0.88624177,0.011141181
2850,573503,2850R,Pleasant Point,Pleasant Point Reservation,1462308,1055604,723,0.135140773,0.000287159
2865,2419057,2865R,Poarch Creek,Poarch Creek Reservation,1071074,7844,356,0.108947923,0.000102208
7250,2419176,7250R,Point Hope,Point Hope ANVSA,12951806,187666,592,0.807750178,0.002859314
7255,2419177,7255R,Point Lay,Point Lay ANVSA,73847369,9782126,251,1.991169243,0.019393148
2990,937193,2990R,Pojoaque,Pueblo of Pojoaque,54748557,0,3356,0.302292236,0.005465167
2890,2419058,2890R,Pokagon,Pokagon Reservation,2709373,12445,86,0.100999849,0.000294754
5800,2419180,5800R,Ponca,Ponca OTSA,423603691,8793989,2119,1.055477982,0.043541572
2900,2419061,2900T,Ponca (NE),Ponca (NE) Trust Land,828880,0,0,0.057631036,9.11E-05
5196,2634631,5196T,Ponohawaii,Ponohawaii Hawaiian Home Land,3727,0,16,0.004011448,3.21E-07
9300,979384,9300R,Poospatuck,Poospatuck (state) Reservation,292590,148143,692,0.036501851,4.70E-05
7263,2575189,7263R,Port Alsworth,Port Alsworth ANVSA,58425288,385782,151,0.47075734,0.009508306
2910,1507567,2910R,Port Gamble,Port Gamble Reservation,6576740,0,622,0.187370993,0.000790308
7265,2419184,7265R,Port Graham,Port Graham ANVSA,16559024,0,192,0.319089248,0.002612008
7270,2419186,7270R,Port Heiden,Port Heiden ANVSA,121120569,1568005,78,0.675749702,0.018100423
7275,2419187,7275R,Port Lions,Port Lions ANVSA,216084874,57061332,190,1.137498504,0.04122446
2925,1507571,2925R,Port Madison,Port Madison Reservation,31289128,0,7846,0.446218684,0.003752071
7260,2419189,7260R,Portage Creek,Portage Creek ANVSA,33682197,0,0,0.404632921,0.00524646
2980,1934332,2980R,Prairie Band of Potawatomi Nation,Prairie Band of Potawatomi Nation Reservation,314701434,174485,1645,0.730792985,0.032898483
2985,654519,2985R,Prairie Island,Prairie Island Indian Community,2233132,171952,158,0.11214038,0.000272759
5198,2634632,5198T,Princess Kahanu Estates,Princess Kahanu Estates Hawaiian Home Land,215014,0,1542,0.022618139,1.87E-05
5199,2414182,5199T,Pulehunui,Pulehunui Hawaiian Home Land,1587124,0,0,0.079371415,0.000137708
5201,364148,5201T,Puukapu,Puukapu Hawaiian Home Land,48826569,47815,961,0.60629795,0.004218723
3000,1514929,3000R,Puyallup,Puyallup Reservation,73835802,1990404,51407,0.510511806,0.009008665
3010,857503,3010R,Pyramid Lake Paiute,Pyramid Lake Paiute Reservation,1438778676,450651614,1499,2.369427505,0.199504926
5810,2419193,5810R,Quapaw,Quapaw OTSA,223775562,1225798,5092,0.748598725,0.022765343
3020,265103,3020R,Quartz Valley,Quartz Valley Reservation,2451478,0,198,0.081244914,0.000264805
3030,1511646,3030R,Quileute,Quileute Reservation,4078881,153768,451,0.190163329,0.000509194
3040,1531838,3040R,Quinault,Quinault Reservation,809805133,29517409,1153,1.664494817,0.100042668
9850,2419194,9850R,Ramapough,Ramapough SDTSA,18619479,260904,994,0.360909045,0.002024585
3070,273181,3070R,Ramona,Ramona Village,2195131,14944,0,0.111745798,0.000214696
7300,2419195,7300R,Rampart,Rampart ANVSA,16777293,1473668,60,0.292471462,0.00353594
3085,1577204,3085R,Red Cliff,Red Cliff Reservation,56845199,351028,1282,0.752201751,0.006753791
7305,2419197,7305R,Red Devil,Red Devil ANVSA,65077919,6991302,21,0.680164607,0.012251152
3100,1934331,3100R,Red Lake Band of Chippewa Indians,Red Lake Reservation,2287185119,977029573,5859,24.88382222,0.394589173
3095,1682404,3095R,Redding,Redding Rancheria,106381,151,21,0.022323944,1.13E-05
3115,231455,3115R,Redwood Valley,Redwood Valley Rancheria,1095256,0,323,0.074065998,0.00011435
3130,853944,3130R,Reno-Sparks,Reno-Sparks Indian Colony,64985885,0,1047,0.546115103,0.006825466
3145,1657342,3145R,Resighini,Resighini Rancheria,996253,0,14,0.068432884,0.000107455
3165,273286,3165R,Rincon,Rincon Reservation,15832640,0,932,0.266790697,0.001532115
3185,265444,3185R,Roaring Creek,Roaring Creek Rancheria,331930,234,21,0.024473805,3.55E-05
3195,234577,3195R,Robinson,Robinson Rancheria,725296,6661,366,0.073507553,7.63E-05
3205,767936,3205R,Rocky Boy's,Rocky Boy's Reservation,227997389,306432,3634,0.822016684,0.027631278
3220,231831,3220R,Rohnerville,Rohnerville Rancheria,176274,0,23,0.025974051,1.88E-05
3235,1266248,3235R,Rosebud Sioux Tribe,Rosebud Indian Reservation,3596445667,5854544,11418,2.843085818,0.398906874
3250,267196,3250R,Round Valley,Round Valley Reservation,30320904,11491,416,1.245433814,0.003194184
7310,2419201,7310R,Ruby,Ruby ANVSA,18194550,0,207,0.276316215,0.003423995
3265,232012,3265R,Rumsey,Rumsey Indian Rancheria,1954498,0,2,0.102067943,0.000202508
7315,2419202,7315R,Russian Mission,Russian Mission ANVSA,13904058,919015,318,0.21284813,0.002520534
5820,1925067,5820R,Sac and Fox Tribe of the Mississippi,Sac and Fox OTSA,1915036225,28523287,58194,2.709743867,0.193579202
3285,479832,3285R,Sac and Fox Nation,Sac and Fox Nation Reservation,59692871,0,141,0.527535855,0.006296466
3280,463420,3280R,Sac and Fox/Meskwaki,Sac and Fox/Meskwaki Settlement,25829960,0,1058,0.526453947,0.002805991
7400,2419203,7400R,Salamatof,Salamatof ANVSA,20800328,439434,1015,0.318528179,0.003481052
3340,37072,3340R,Salt River Pima-Maricopa Indian Community,Salt River Reservation,213473946,7331902,7386,0.902601344,0.021429063
8750,2419206,8750R,Samish,Samish TDSA,581830596,1402707596,38296,2.441028691,0.241757497
3355,24000,3355R,San Carlos,San Carlos Reservation,7516591413,62469236,10443,5.967641865,0.733992285
3400,910614,3400R,Pueblo of San Felipe,San Felipe Pueblo,206204425,1030782,3544,0.814862068,0.02056915
4930,2419124,4930R,San Felipe Pueblo/Santa Ana Pueblo,San Felipe Pueblo/Santa Ana Pueblo joint-use area,2785130,0,0,0.088374936,0.000276213
4940,2419125,4940R,San Felipe Pueblo/Santo Domingo Pueblo,San Felipe Pueblo/Santo Domingo Pueblo joint-use area,3207220,0,0,0.127192582,0.000318505
3415,918342,3415R,San Ildefonso,San Ildefonso Pueblo,113165321,621646,1881,0.621699229,0.011356908
3445,248904,3445R,San Manuel,San Manuel Reservation,2781454,0,51,0.084819928,0.000271919
3460,255933,3460R,San Pasqual,San Pasqual Reservation,5727871,0,843,0.233763046,0.000553922
7410,2419207,7410R,Sand Point,Sand Point ANVSA,20659491,456305,1372,0.27531981,0.002987893
3370,1934343,3370R,Sandia,Sandia Pueblo,99012584,1013094,5264,0.487996905,0.009906035
3480,1934345,3480R,Santa Ana,Santa Ana Pueblo,261508404,358738,695,0.902183033,0.025992586
3495,937196,3495R,Santa Clara,Santa Clara Pueblo,198868429,647768,11693,0.967401825,0.019937305
3520,247949,3520R,Santa Rosa,Santa Rosa Rancheria,1620467,0,940,0.065086096,0.000162454
3525,1934330,3525R,Santa Rosa,Santa Rosa Reservation,44189655,0,73,0.429565433,0.00429036
3540,249132,3540R,Santa Ynez,Santa Ynez Reservation,629386,0,263,0.053420461,6.19E-05
3550,255932,3550R,Santa Ysabel,Santa Ysabel Reservation,60672776,0,198,0.727914023,0.005864835
3565,1884912,3565R,Santee Sioux Nation,Santee Reservation,447827823,30051352,1019,0.915510307,0.052524226
9875,2564994,9875R,Santee,Santee SDTSA,19887949,0,560,0.206343337,0.001926457
3585,937201,3585R,Kewa Pueblo,Santo Domingo Pueblo,274758135,641684,3192,0.900520245,0.027368606
9865,2418630,9865R,Sappony,Sappony SDTSA,111352887,10556976,2611,0.447308192,0.012261311
3625,2419131,3625R,Sauk-Suiattle,Sauk-Suiattle Reservation,188279,0,63,0.032521268,2.28E-05
3635,2419132,3635R,Sault Ste. Marie,Sault Ste. Marie Reservation,2290468,45259,2180,0.121326527,0.00027359
7415,2419208,7415R,Savoonga,Savoonga ANVSA,15208048,0,921,0.436705457,0.002756996
7420,2419209,7420R,Saxman,Saxman ANVSA,2497701,0,360,0.084954788,0.00035342
7425,2419210,7425R,Scammon Bay,Scammon Bay ANVSA,1212563,0,585,0.063898294,0.000206587
9350,210687,9350R,Schaghticoke,Schaghticoke (state) Reservation,1122120,0,11,0.048074787,0.00012136
7430,2419211,7430R,Selawik,Selawik ANVSA,6033425,1591057,839,0.171291713,0.001542057
7435,2419212,7435R,Seldovia,Seldovia ANVSA,34304082,3288581,400,0.517700412,0.005950583
5830,1925073,5830R,Seminole,Seminole OTSA,1470140343,19100946,23006,2.076719609,0.14732144
3665,2419138,3665T,Seminole (FL),Seminole (FL) Trust Land,7841,0,0,0.003431441,7.08E-07
5835,2419214,5835R,Seneca Nation,Seneca-Cayuga OTSA,187237403,28413998,4532,0.831196939,0.021745025
7440,2419215,7440R,Shageluk,Shageluk ANVSA,26459996,3323884,75,0.318361506,0.005214475
3680,649741,3680R,Shakopee Mdewakanton Sioux,Shakopee Mdewakanton Sioux Community,1062761,0,954,0.083549077,0.00012076
7450,2419216,7450R,Shaktoolik,Shaktoolik ANVSA,2765146,23272,294,0.272273519,0.000517747
3735,232986,3735R,Sherwood Valley,Sherwood Valley Rancheria,1422993,0,107,0.073513002,0.00014904
3750,233021,3750R,Shingle Springs,Shingle Springs Rancheria,641958,0,140,0.032961419,6.65E-05
9370,979494,9370R,Shinnecock,Shinnecock (state) Reservation,3494292,0,16,0.082315824,0.000373276
7465,2419217,7465R,Shishmaref,Shishmaref ANVSA,42980933,4115,525,0.636884087,0.008528524
3780,1508317,3780R,Shoalwater Bay,Shoalwater Bay Indian Reservation,2699959,595212,78,0.080010917,0.000387741
7470,2419218,7470R,Shungnak,Shungnak ANVSA,20853329,2410509,288,0.306394223,0.004758647
3795,1155124,3795R,Siletz,Siletz Reservation,16073090,1164,675,1.195971063,0.001826208
7475,2575190,7475R,Sitka,Sitka ANVSA,6832476,901630,4701,0.296738302,0.001144656
7485,2575191,7485R,Skagway,Skagway ANVSA,209377422,11735259,1061,1.002089868,0.035106429
3825,1525866,3825R,Skokomish,Skokomish Reservation,21255693,570434,761,0.299517766,0.002597501
3840,1445643,3840R,Skull Valley,Skull Valley Reservation,72932870,0,29,0.501964876,0.007735365
7495,2419223,7495R,Sleetmute,Sleetmute ANVSA,54764625,13575196,83,0.446983934,0.011580565
3855,274833,3855R,Smith River,Smith River Rancheria,657825,0,129,0.058215342,7.14E-05
3860,2419473,3860R,Snoqualmie,Snoqualmie Reservation,229227,0,0,0.02694103,2.74E-05
3870,249635,3870R,Soboba,Soboba Reservation,25786165,399497,417,0.271709422,0.00254881
3885,1577206,3885R,Sokaogon Chippewa,Sokaogon Chippewa Community,7625889,888166,461,0.183043527,0.000979996
7500,2419225,7500R,Solomon,Solomon ANVSA,8917857,13548811,0,0.838870773,0.004195213
3930,861680,3930R,South Fork,South Fork Reservation,39443126,10727,57,0.742774024,0.004197065
5213,1853356,5213T,South Maui,South Maui Hawaiian Home Land,890437,0,0,0.144676052,7.72E-05
7505,2419226,7505R,South Naknek,South Naknek ANVSA,226499835,6301244,41,1.229037698,0.036013061
3925,169585,3925R,Southern Ute,Southern Ute Reservation,2747429006,12071074,13379,3.160547416,0.279740867
3935,1934326,3935R,Spirit Lake,Spirit Lake Reservation,1009175853,25326523,4455,3.353822567,0.124461567
3940,1511576,3940R,Spokane,Spokane Reservation,615340764,31967209,2187,1.815511146,0.077904368
3955,1508671,3955R,Squaxin Island,Squaxin Island Reservation,6481119,0,524,0.303174179,0.000769251
3305,1843172,3305R,St. Croix,St. Croix Reservation,8116397,147462,636,0.433543221,0.000954059
7340,2419228,7340R,St. George,St. George ANVSA,90081562,382086106,78,1.152355411,0.069016393
7375,2419229,7375R,St. Michael,St. Michael ANVSA,56325557,16363506,468,0.7589677,0.013078773
7390,2419230,7390R,St. Paul,St. Paul ANVSA,109514406,5385553,425,0.894992159,0.017061041
3320,979449,3320R,Saint Regis Mohawk Tribe and the Mohawk Council of Akwesasne,St. Regis Mohawk Reservation,49055465,5306039,3302,0.432345175,0.006201721
3970,1934335,3970R,Standing Rock Sioux Reservation,Standing Rock Reservation,9242111072,243965994,8618,6.764859304,1.098481438
9880,2419231,9880R,Star Muskogee Creek,Star Muskogee Creek SDTSA,291590475,810262,6190,1.628893011,0.027825063
7510,2419232,7510R,Stebbins,Stebbins ANVSA,84449862,3944516,473,0.776667004,0.015906017
7520,2419234,7520R,Stevens Village,Stevens Village ANVSA,30174876,3739390,11,0.455953527,0.006704934
3980,2419480,3980R,Stewart,Stewart Community,11447757,6001,122,0.481738062,0.00119212
3985,235473,3985R,Stewarts Point,Stewarts Point Rancheria,171789,0,91,0.01706993,1.78E-05
4000,2419481,4000R,Stillaguamish,Stillaguamish Reservation,111048,0,11,0.023816106,1.34E-05
4015,1577203,4015R,Stockbridge Munsee,Stockbridge Munsee Community,61058563,95813,765,1.193048745,0.006968641
7525,2419236,7525R,Stony River,Stony River ANVSA,8125437,3677053,41,0.384413946,0.002007627
4030,267889,4030R,Sulphur Bank,Sulphur Bank Rancheria,193613,23476,46,0.023507301,2.26E-05
4045,858261,4045R,Summit Lake,Summit Lake Reservation,48222494,1837377,0,0.383459549,0.00540023
4060,235836,4060R,Susanville,Susanville Indian Rancheria,4145410,0,577,0.138228568,0.000440033
4075,1528418,4075R,Swinomish,Swinomish Reservation,30853578,23639270,2915,0.460282109,0.00661832
4090,273630,4090R,Sycuan,Sycuan Reservation,2560687,0,172,0.063277191,0.000246464
4095,1665550,4095R,Table Bluff,Table Bluff Reservation,305520,0,161,0.024448241,3.25E-05
4110,2419484,4110R,Table Mountain,Table Mountain Rancheria,551202,0,9,0.03189903,5.58E-05
7530,2419241,7530R,Takotna,Takotna ANVSA,61682441,0,23,0.889124755,0.010914366
9400,2419487,9400R,Tama,Tama (state) Reservation,365137,2118,11,0.027891248,3.46E-05
4130,2419488,4130R,Tampa,Tampa Reservation,179740,1837,0,0.017392361,1.67E-05
7535,2419244,7535R,Tanacross,Tanacross ANVSA,204870313,4217785,141,1.37011717,0.03746988
7540,2419247,7540R,Tanana,Tanana ANVSA,27636124,11208201,242,0.430736999,0.007433603
4140,1934342,4140R,Taos,Taos Pueblo,401232445,154305,5129,1.521742662,0.040353477
7555,2419248,7555R,Tatitlek,Tatitlek ANVSA,18781753,7281435,78,0.337425235,0.004308037
7560,2419250,7560R,Tazlina,Tazlina ANVSA,31875183,2206775,354,0.442392434,0.005848989
7565,2419252,7565R,Telida,Telida ANVSA,4335609,0,0,0.141271892,0.000777711
7570,2419253,7570R,Teller,Teller ANVSA,3865313,487521,182,0.23171593,0.000835492
4170,937203,4170R,Tesuque,Tesuque Pueblo,68548064,0,921,0.333044488,0.006834997
7580,2419255,7580R,Tetlin,Tetlin ANVSA,473948515,28316360,144,2.290520255,0.089331309
4180,2419492,4180R,Timbi-Sha Shoshone,Timbi-Sha Shoshone Reservation,31762611,0,24,0.562601034,0.003221397
7605,2419257,7605R,Togiak,Togiak ANVSA,122590090,215448099,705,1.131570675,0.052806472
4200,23763,4200R,Tohono O'odham Nation,Tohono O'odham Nation Reservation,11535016214,883039,10761,6.966117958,1.102752583
7625,2419259,7625R,Toksook Bay,Toksook Bay ANVSA,27232452,81777,506,0.356966665,0.004467579
4225,979554,4225R,Tonawanda,Tonawanda Reservation,30561278,180036,452,0.271946063,0.003397322
5860,1925069,5860R,Tonkawa,Tonkawa OTSA,369046070,2754555,3918,0.77899364,0.037484019
4235,32748,4235R,Tonto Apache,Tonto Apache Reservation,391178,0,140,0.026802788,3.83E-05
4255,255924,4255R,Torres-Martinez,Torres-Martinez Reservation,88623712,38962138,2511,2.886207982,0.012375592
4275,268407,4275R,Trinidad,Trinidad Rancheria,230909,0,170,0.023438657,2.47E-05
4290,1511575,4290R,Tulalip Tribes,Tulalip Reservation,89881141,45264275,9997,0.565953645,0.01631155
4300,275158,4300R,Tule River,Tule River Reservation,218116280,927,1227,0.697326892,0.021810402
7630,2419263,7630R,Tuluksak,Tuluksak ANVSA,7577771,246129,415,0.187117152,0.001301962
4315,2419503,4315R,Tunica-Biloxi,Tunica-Biloxi Reservation,1689054,0,141,0.08823036,0.000159704
7640,2419265,7640R,Tuntutuliak,Tuntutuliak ANVSA,4984619,716251,566,0.21932772,0.000926555
7645,2419267,7645R,Tununak,Tununak ANVSA,157228998,620897,339,1.075004746,0.025842079
4330,236635,4330R,Tuolumne,Tuolumne Rancheria,1539777,0,196,0.069516143,0.0001579
4345,1934334,4345R,Turtle Mountain Indian Reservation,Turtle Mountain Reservation,174815373,11228748,9259,0.699192053,0.022794524
4360,979564,4360R,Tuscarora Nation,Tuscarora Nation Reservation,23524717,0,1078,0.235775854,0.002603761
4375,250737,4375R,Twenty-Nine Palms,Twenty-Nine Palms Reservation,1647478,0,7,0.080557717,0.000160536
7650,2419269,7650R,Twin Hills,Twin Hills ANVSA,59318572,348444,63,0.708949651,0.00934142
7655,2419272,7655R,Tyonek,Tyonek ANVSA,32960617,1695007,348,0.556689768,0.005763468
5216,1853355,5216T,Ualapue,Ualapue Hawaiian Home Land,1658281,0,5,0.073930369,0.000144125
7665,2419274,7665R,Ugashik,Ugashik ANVSA,247620490,2205172,8,1.544295143,0.037420546
4390,1448012,4390R,Uintah and Ouray,Uintah and Ouray Reservation,17538820315,132099968,25857,9.144704385,1.866282384
4405,1159100,4405R,Umatilla,Umatilla Reservation,700326730,0,2937,2.901169428,0.080802133
7690,2419276,7690R,Unalakleet,Unalakleet ANVSA,30752192,5397755,702,0.382991141,0.00660918
7695,2419277,7695R,Unalaska,Unalaska ANVSA,215640186,6061688,4781,1.746909738,0.030288891
9950,2575195,9950R,United Cherokee Ani-Yun-Wiya Nation,United Cherokee Ani-Yun-Wiya Nation SDTSA,21923628,2152751,6496,0.45520445,0.002358247
9960,2419278,9960R,United Houma Nation,United Houma Nation SDTSA,1507180282,64502259,203711,4.021293569,0.146368202
5222,2634633,5222T,Upolu,Upolu Hawaiian Home Land,142285,0,0,0.019323191,1.23E-05
4430,1654496,4430R,Upper Lake,Upper Lake Rancheria,1918813,8580,105,0.091693251,0.000200949
4445,653567,4445R,Upper Sioux,Upper Sioux Community,5200533,115487,132,0.185684513,0.000604201
4455,2419510,4455R,Upper Skagit,Upper Skagit Reservation,455129,0,266,0.054308887,5.54E-05
9963,2564995,9963R,Upper South Carolina Pee Dee,Upper South Carolina Pee Dee SDTSA,102270828,90857,1363,0.413759437,0.010050598
4470,169579,4470R,Ute Mountain,Ute Mountain Reservation,2302794335,354826,1544,3.717348858,0.233445794
7725,2575192,7725R,Venetie,Venetie ANVSA,30296041,0,134,0.542029224,0.006235233
4500,251037,4500R,Viejas,Viejas Reservation,6495773,0,459,0.15206593,0.0006257
9967,2564996,9967R,Waccamaw,Waccamaw SDTSA,3315942,10884,9,0.089529855,0.000324548
9970,2419280,9970R,Waccamaw Siouan,Waccamaw Siouan SDTSA,116825121,4394,2008,0.981838669,0.011451384
5223,2634634,5223T,Waiahole,Waiahole Hawaiian Home Land,74572,0,42,0.036528587,6.50E-06
5236,364489,5236T,Waiakea,Waiakea Hawaiian Home Land,5606652,0,0,0.252282846,0.00048305
5238,1853126,5238T,Waianae,Waianae Hawaiian Home Land,1497781,0,2542,0.138905493,0.000130513
5239,2634648,5239T,Waianae Kai,Waianae Kai Hawaiian Home Land,101577,0,782,0.014097773,8.85E-06
5241,364587,5241T,Waiehu,Waiehu Hawaiian Home Land,524527,0,1507,0.036294988,4.55E-05
5248,2634649,5248T,Waiku-Hana,Waiku-Hana Hawaiian Home Land,2981190,0,0,0.096283842,0.0002586
5251,364713,5251T,Wailau,Wailau Hawaiian Home Land,258239,0,0,0.019801958,2.22E-05
5256,364740,5256T,Wailua,Wailua Hawaiian Home Land,2201622,0,0,0.11310282,0.000192594
5271,364774,5271T,Waimanalo,Waimanalo Hawaiian Home Land,8174591,0,3061,0.41463205,0.000711666
5276,364785,5276T,Waimanu,Waimanu Hawaiian Home Land,835382,0,0,0.075696841,7.22E-05
5281,2414262,5281T,Waimea,Waimea Hawaiian Home Land,61023810,13039,0,0.294650539,0.005339614
7735,2419281,7735R,Wainwright,Wainwright ANVSA,26712260,0,508,0.552179016,0.006470527
5283,364821,5283T,Waiohinu,Waiohinu Hawaiian Home Land,1116534,0,0,0.12738416,9.58E-05
5286,1853042,5286T,Waiohuli (Residential),Waiohuli (Residential) Hawaiian Home Land,14917552,0,1277,0.218799901,0.001293677
7740,2419282,7740R,Wales,Wales ANVSA,5966050,121,170,0.168852896,0.001160854
4515,857504,4515R,Walker River,Walker River Reservation,1367746294,7784371,1209,2.214803837,0.143027077
4530,2419514,4530T,Wampanoag-Aquinnah,Wampanoag-Aquinnah Trust Land,1903942,21663,66,0.309559187,0.00020715
4545,1133438,4545R,Warm Springs,Warm Springs Reservation,2617013942,10698881,4296,2.804678374,0.299187969
4560,2419516,4560T,Washoe Ranches,Washoe Ranches Trust Land,375530043,2705893,3096,5.341436459,0.039261489
9975,2584541,9975R,Wassamasaw,Wassamasaw SDTSA,23004982,0,2188,0.291093171,0.002221351
4580,849846,4580R,Wells,Wells Colony,328255,0,99,0.026184425,3.52E-05
4595,1934333,4595R,White Earth,White Earth Reservation,2832819296,179359846,9845,2.586556748,0.357760598
7745,2419284,7745R,White Mountain ,White Mountain ANVSA,4726281,574076,186,0.160853286,0.00099592
4610,1597068,4610R,Wind River Reservation,Wind River Reservation,8978352500,150318742,26855,4.842571867,1.012304429
4625,834982,4625R,Winnebago Tribe of Nebraska,Winnebago Reservation,457887056,2944351,2983,1.260826663,0.050252137
4635,849652,4635R,Winnemucca,Winnemucca Indian Colony,1441447,0,29,0.062582695,0.000154165
4665,1985241,4665R,Woodfords,Woodfords Community,1578715,0,284,0.088922141,0.000163708
7755,2575193,7755R,Wrangell,Wrangell ANVSA,2414801,0,1323,0.12080462,0.000351889
5890,2419290,5890R,Wyandotte,Wyandotte OTSA,84411861,3943307,1687,0.570222386,0.008921037
4680,252581,4680R,XL Ranch,XL Ranch Rancheria,39457225,41930,51,1.269568172,0.004264992
4690,1502906,4690R,Yakama Nation,Yakama Nation Reservation,5577487803,4239523,30810,4.881050137,0.651064004
7765,2419292,7765R,Yakutat,Yakutat ANVSA,259961402,8696512,665,1.572508472,0.042661365
4700,1891160,4700R,Yankton Sioux,Yankton Reservation,1723553383,49380242,6829,2.266490301,0.19606044
4708,27214,4708R,Yavapai-Apache Nation,Yavapai-Apache Nation Reservation,2754947,0,712,0.135585008,0.000270814
4710,36443,4710R,Yavapai-Prescott,Yavapai-Prescott Reservation,5704649,0,368,0.145914035,0.000560312
4725,848133,4725R,Yerington,Yerington Colony,81231,0,216,0.013509127,8.44E-06
4740,862119,4740R,Yomba,Yomba Reservation,18911932,11308,91,0.757108158,0.001967254
4755,2419529,4755R,Ysleta del Sur,Ysleta del Sur Pueblo,299406,0,1220,0.047173065,2.85E-05
4760,2419530,4760R,Yurok,Yurok Reservation,217781902,8668719,811,1.810261512,0.024371758
4770,1934347,4770R,Pueblo of Zia,Zia Pueblo,486398588,115707,934,2.051158955,0.048358128
4785,1934346,4785R,Pueblo of Zuni,Zuni Reservation,1705153540,2906813,9560,2.970386649,0.168744585
